﻿Thời gian (Năm),"Lãi suất cho vay
(đơn vị: %)","Nguồn cung cấp
(đơn vị: căn)",Tình trạng pháp lý & vĩ mô
2022,0.13,14000,Thắt chặt tín dụng BĐS; Khủng hoảng trái phiếu doanh nghiệp.
2023,0.12,2500,"Thị trường ""đóng băng""; Chính phủ bắt đầu tháo gỡ khó khăn."
2024,0.1,5050,Thông qua Luật Đất đai 2024; Bắt đầu phục hồi niềm tin
2025,0.085,13500,Luật mới có hiệu lực; Nguồn cung bắt đầu quay trở lại
