Thời gian,Giá mở cửa (Nghìn VND),Giá cao nhất (Nghìn VND),Giá thấp nhất (Nghìn VND),Giá đóng cửa (Nghìn VND),Khối lượng
17/11/2022,15.36,16.23,15.21,16.19,6040704
18/11/2022,16.23,16.83,16.15,16.6,4561205
21/11/2022,16.91,16.98,16.49,16.83,2963653
22/11/2022,16.83,17.73,16.53,16.87,4371181
23/11/2022,16.75,16.87,16.15,16.42,2312660
24/11/2022,16.27,16.6,15.29,15.78,3818219
25/11/2022,16.15,16.87,16.12,16.87,4958364
28/11/2022,17.24,18.03,17.17,18.03,5669205
29/11/2022,18.56,19.27,18.41,19.27,8516953
30/11/2022,19.69,20.59,19.16,20.59,2716527
01/12/2022,21.94,22.01,19.69,20.44,6111788
02/12/2022,20.44,21.86,20.14,21.86,2560990
05/12/2022,22.92,23.37,22.31,23.37,3502050
06/12/2022,22.95,23.25,22.2,22.2,3309750
07/12/2022,22.2,23.22,21.94,22.46,3292992
08/12/2022,22.39,22.88,21.71,22.77,4646577
09/12/2022,22.69,22.69,21.94,22.58,2463333
12/12/2022,22.54,22.54,21,21,3709354
13/12/2022,20.59,21,19.53,20.96,2344149
14/12/2022,21.64,21.64,20.74,21.04,1398153
15/12/2022,21,21.38,20.85,21.19,1052372
16/12/2022,21.11,22.01,20.66,20.66,4008947
19/12/2022,20.66,20.66,20.06,20.06,2347292
20/12/2022,20.06,20.51,18.71,19.38,1975832
21/12/2022,19.42,19.53,18.6,18.86,1300053
22/12/2022,19.01,20.17,18.93,20.17,1515307
23/12/2022,20.29,20.29,19.61,19.72,1106879
26/12/2022,19.69,19.76,18.52,18.52,1390003
27/12/2022,18.86,19.8,18.82,19.8,1083819
28/12/2022,20.17,21,19.8,20.32,1123541
29/12/2022,20.36,21.15,20.06,21,1415756
30/12/2022,21.26,21.26,19.91,19.91,784297
03/01/2023,20.21,21.19,19.99,21.04,1783746
04/01/2023,21.19,21.19,20.7,20.92,1528488
05/01/2023,20.92,21.08,20.77,20.81,1108599
06/01/2023,20.96,21.45,20.81,20.89,3117028
09/01/2023,20.92,21.41,20.92,21,2627778
10/01/2023,21.04,21.11,20.66,20.96,1522990
11/01/2023,21.04,21.3,21,21.11,1262671
12/01/2023,21.19,21.26,20.14,20.14,1935629
13/01/2023,20.36,20.51,19.38,19.69,1532943
16/01/2023,19.69,19.95,19.69,19.8,1045014
17/01/2023,19.84,20.17,19.72,20.14,882394
18/01/2023,20.14,20.96,20.06,20.89,818225
19/01/2023,20.85,21.04,20.74,20.74,1444048
27/01/2023,20.77,21.11,20.62,20.77,1104685
30/01/2023,20.77,21.41,20.51,20.85,1299913
31/01/2023,20.85,21.15,20.85,21.04,2429275
01/02/2023,21.41,21.49,19.57,19.91,2836050
02/02/2023,19.95,20.59,19.91,19.99,1348043
03/02/2023,20.14,20.29,19.87,20.25,2075464
06/02/2023,20.21,20.59,20.06,20.55,1615656
07/02/2023,20.66,21.11,20.44,20.44,1773543
08/02/2023,20.44,20.47,20.06,20.29,1501583
09/02/2023,20.29,20.4,20.21,20.25,1182120
10/02/2023,20.32,20.92,20.32,20.66,3018668
13/02/2023,20.59,20.66,19.35,19.53,2904814
14/02/2023,19.95,20.21,19.69,19.99,1101878
15/02/2023,19.99,20.7,19.99,20.66,1757834
16/02/2023,20.7,20.89,20.44,20.89,1161317
17/02/2023,20.96,21.56,20.89,20.89,1839361
20/02/2023,20.96,21.26,20.92,21.26,2334136
21/02/2023,21.41,21.64,21.08,21.11,2003322
22/02/2023,21.04,21.04,20.14,20.14,1595808
23/02/2023,20.17,20.4,19.35,20.02,1852612
24/02/2023,20.02,20.21,19.31,19.53,1058318
27/02/2023,19.23,19.46,18.86,19.12,1126692
28/02/2023,19.31,19.38,18.48,19.12,943284
01/03/2023,18.93,18.93,18.37,18.52,3049142
02/03/2023,18.56,19.12,18.56,18.71,770480
03/03/2023,18.78,19.01,18.03,18.3,1095312
06/03/2023,18.9,19.46,18.48,19.46,2049804
07/03/2023,19.46,19.57,19.35,19.38,691380
08/03/2023,19.23,19.46,18.03,19.46,654900
09/03/2023,19.46,19.76,19.38,19.53,1322924
10/03/2023,19.42,20.02,19.42,19.91,764161
13/03/2023,19.76,20.21,19.46,19.91,1012322
14/03/2023,19.91,19.99,19.08,19.38,819101
15/03/2023,19.84,20.14,18.97,19.95,662167
16/03/2023,19.95,19.95,19.61,19.72,440115
17/03/2023,19.84,20.1,19.72,20.1,1341101
20/03/2023,19.84,19.91,18.75,19.35,870703
21/03/2023,19.53,19.69,19.01,19.69,1173682
22/03/2023,19.76,19.91,19.5,19.61,1236179
23/03/2023,19.53,19.76,19.5,19.65,766274
24/03/2023,19.65,20.06,19.61,19.99,1126056
27/03/2023,20.02,20.17,19.91,20.06,957802
28/03/2023,20.29,20.66,19.91,20.1,1188278
29/03/2023,20.4,20.44,20.1,20.32,670852
30/03/2023,20.44,20.44,20.29,20.29,395078
31/03/2023,20.29,20.89,20.29,20.74,1315702
03/04/2023,21.04,22.01,20.89,22.01,2544554
04/04/2023,22.16,22.16,21.56,21.9,1411321
05/04/2023,21.83,22.16,21.68,21.79,1486075
06/04/2023,21.86,21.86,21.04,21.41,2620709
07/04/2023,21.19,21.56,21,21.08,2584704
10/04/2023,21.41,21.71,21.04,21.3,3536382
11/04/2023,21.3,21.45,21,21.41,773398
12/04/2023,21.49,22.58,21.41,22.43,3633102
13/04/2023,22.43,22.46,21.9,22.35,1521421
14/04/2023,22.24,22.35,21.41,21.49,1618450
17/04/2023,21.49,21.94,21.41,21.94,979759
18/04/2023,21.94,21.94,21.49,21.79,687551
19/04/2023,21.86,21.86,21.38,21.38,841070
20/04/2023,21.26,21.45,21.26,21.38,574679
21/04/2023,21.38,21.49,21.08,21.34,859058
24/04/2023,21.34,21.41,20.81,21.23,973405
25/04/2023,21.26,21.64,21.19,21.3,1141076
26/04/2023,21.3,21.3,20.74,21.26,1304557
27/04/2023,21.3,21.71,21.26,21.6,1890398
28/04/2023,21.71,22.39,21.6,22.39,1691520
04/05/2023,22.39,23.07,22.31,22.88,3100551
05/05/2023,22.69,22.73,22.46,22.69,1033320
08/05/2023,22.69,22.8,22.43,22.5,1609030
09/05/2023,22.5,22.5,22.09,22.16,763726
10/05/2023,22.2,22.5,22.16,22.39,1812774
11/05/2023,22.39,22.65,22.39,22.5,1452207
12/05/2023,22.5,22.84,22.39,22.77,2014683
15/05/2023,22.84,22.84,22.31,22.39,1480579
16/05/2023,22.39,22.43,21.94,22.13,1622638
17/05/2023,22.13,22.13,21.38,21.41,1858849
18/05/2023,21.45,22.2,21.45,22.01,2353484
19/05/2023,22.01,22.24,21.83,22.13,1136690
22/05/2023,22.13,22.24,21.94,22.24,1332057
23/05/2023,22.24,22.24,21.83,21.94,1809202
24/05/2023,22.01,22.01,21.83,21.98,1677380
25/05/2023,21.94,22.09,21.75,22.09,1800937
26/05/2023,22.16,22.65,22.16,22.39,3207298
29/05/2023,22.54,22.58,22.43,22.5,1420147
30/05/2023,22.54,22.95,22.46,22.62,2561824
31/05/2023,22.62,22.69,22.28,22.31,1441861
01/06/2023,22.31,22.39,21.94,22.09,1601628
02/06/2023,22.16,22.24,21.94,22.09,2184591
05/06/2023,22.16,22.5,22.05,22.43,2217669
06/06/2023,22.43,22.46,22.28,22.39,2119638
07/06/2023,22.39,22.95,22.39,22.88,4710942
08/06/2023,22.92,23.52,22.84,22.84,3588080
09/06/2023,22.8,22.99,22.46,22.88,2562033
12/06/2023,22.92,22.95,22.2,22.95,2876192
13/06/2023,22.92,23.07,22.62,23.03,2939214
14/06/2023,23.03,23.33,22.99,23.18,3647082
15/06/2023,23.03,23.14,22.95,23.03,2168283
16/06/2023,23.07,23.22,22.84,23.07,3320936
19/06/2023,23.03,23.07,22.62,22.84,1802462
20/06/2023,22.69,23.07,22.69,22.99,1736959
21/06/2023,22.99,23.18,22.92,22.99,2170055
22/06/2023,23.03,24.08,22.99,23.55,4821137
23/06/2023,23.7,23.85,23.59,23.78,2144282
26/06/2023,23.67,23.78,23.29,23.63,2872707
27/06/2023,23.67,23.82,23.37,23.67,1607146
28/06/2023,23.7,23.78,23.44,23.63,1503057
29/06/2023,23.37,23.63,22.99,23.1,1836811
30/06/2023,23.14,23.14,22.65,23.14,1399474
03/07/2023,23.03,23.07,22.77,22.84,812954
04/07/2023,22.77,22.88,22.73,22.84,1069988
05/07/2023,22.84,23.29,22.8,23.1,1709646
06/07/2023,23.1,23.1,22.62,22.69,1203137
07/07/2023,22.69,22.77,22.31,22.69,1525934
10/07/2023,22.77,23.03,22.65,22.77,2045179
11/07/2023,22.84,22.95,22.77,22.84,1824585
12/07/2023,22.88,23.14,22.88,22.95,1416933
13/07/2023,23.07,23.89,22.99,23.82,3155725
14/07/2023,23.97,23.97,23.29,23.67,1931851
17/07/2023,23.82,24.72,23.82,24.42,4449150
18/07/2023,24.19,24.87,24.12,24.46,2145072
19/07/2023,24.61,24.61,24.08,24.19,2406143
20/07/2023,24.04,24.31,23.78,24.12,1768673
21/07/2023,24.08,24.68,24.08,24.68,2161523
24/07/2023,24.72,25.81,24.72,25.73,3742112
25/07/2023,24.83,25.85,24.83,25.66,2060189
26/07/2023,25.51,26.3,25.4,26.3,3039842
27/07/2023,26.26,26.82,26.15,26.67,3222740
28/07/2023,26.75,28.51,26.67,27.61,3408622
31/07/2023,27.61,28.18,26.94,28.18,2847482
01/08/2023,28.1,28.1,26.97,26.97,1416892
02/08/2023,26.97,27.31,26.56,26.9,1788692
03/08/2023,26.9,27.01,26.48,26.48,2131447
04/08/2023,26.71,27.12,26.52,27.05,2650950
07/08/2023,27.12,27.72,26.79,27.05,2379844
08/08/2023,26.9,27.05,26.41,26.48,2256408
09/08/2023,26.6,26.71,26.45,26.67,1935016
10/08/2023,26.67,26.86,26.22,26.22,1876787
11/08/2023,26.33,27.57,26.18,27.39,3355968
14/08/2023,27.31,27.72,27.31,27.42,1738839
15/08/2023,27.69,27.69,27.01,27.05,1264079
16/08/2023,27.05,27.09,26.56,26.71,1511699
17/08/2023,27.01,27.01,26.3,26.67,2268538
18/08/2023,26.3,26.45,24.83,24.91,3578883
21/08/2023,24.68,25.88,24.57,25.51,1989592
22/08/2023,25.55,25.7,24.94,25.58,927411
23/08/2023,25.85,25.92,24.64,25.17,2000852
24/08/2023,25.17,26.52,25.17,25.92,1783101
25/08/2023,25.92,26.3,25.81,25.96,1291583
28/08/2023,26.22,26.67,26.03,26.67,1332753
29/08/2023,26.75,27.05,26.48,26.67,1590203
30/08/2023,26.71,27.05,26.67,26.94,1206050
31/08/2023,27.12,27.8,27.12,27.8,2199650
05/09/2023,27.8,27.8,27.05,27.27,2597582
06/09/2023,27.24,27.8,26.97,27.39,1033115
07/09/2023,27.5,27.84,27.31,27.39,2214679
08/09/2023,27.42,27.42,27.12,27.2,2146114
11/09/2023,27.35,27.42,26.15,26.15,1881834
12/09/2023,26.15,26.67,26.11,26.45,1892401
13/09/2023,26.75,27.2,26.45,26.52,1995912
14/09/2023,26.52,26.6,25.85,26,903296
15/09/2023,26.22,26.45,26,26,1172900
18/09/2023,26.07,26.18,25.81,25.92,892845
19/09/2023,26,26.07,25.36,25.55,942303
20/09/2023,25.7,26.67,25.55,26.67,1656357
21/09/2023,26.67,26.75,26.07,26.15,948221
22/09/2023,25.77,25.92,24.64,24.79,1828081
25/09/2023,24.79,25.13,23.14,23.67,1958174
26/09/2023,23.67,24.04,23.37,23.67,1304941
27/09/2023,23.67,24.34,23.55,24.34,994732
28/09/2023,24.12,24.79,23.67,24.61,1074089
29/09/2023,24.61,24.83,24.53,24.53,652508
02/10/2023,24.57,24.61,24.23,24.42,450846
03/10/2023,24.5,24.79,23.55,23.72,1000387
04/10/2023,23.31,24.05,23.31,23.97,600608
05/10/2023,23.97,24.05,23.31,23.47,894355
06/10/2023,23.43,24.38,22.48,24.38,1901953
09/10/2023,23.97,24.38,23.6,24.38,1348388
10/10/2023,24.55,24.71,23.97,24.3,1246947
11/10/2023,24.01,24.26,23.72,24.13,1145176
12/10/2023,24.34,24.79,24.13,24.75,1543456
13/10/2023,24.79,26.45,24.71,26.45,3064290
16/10/2023,26.45,26.45,25.95,26.2,1182913
17/10/2023,26.41,26.41,24.46,24.46,2212471
18/10/2023,24.63,24.63,23.14,24.13,1236942
19/10/2023,24.13,24.22,23.55,24.09,1040747
20/10/2023,23.97,24.96,23.55,24.96,1213595
23/10/2023,24.79,25.17,24.55,24.92,1015639
24/10/2023,24.92,25.46,24.63,25.29,784643
25/10/2023,25.29,25.54,24.96,25,788033
26/10/2023,24.38,24.71,23.6,24.63,1343012
27/10/2023,24.79,24.79,23.97,24.46,1664664
30/10/2023,24.3,24.3,23.64,23.64,1027684
31/10/2023,23.64,23.8,23.18,23.64,1493373
01/11/2023,23.64,23.64,22.48,23.64,905804
02/11/2023,23.88,25.04,23.47,24.79,1435899
03/11/2023,24.79,24.79,24.13,24.13,1537551
06/11/2023,24.63,24.63,24.26,24.59,1283239
07/11/2023,24.38,24.59,24.05,24.22,823900
08/11/2023,24.09,25.74,24.09,25.66,1615169
09/11/2023,25.79,27.11,25.46,26.36,3809259
10/11/2023,25.87,26.69,25.74,25.91,2376737
13/11/2023,25.95,27.11,25.87,26.28,1809045
14/11/2023,26.36,26.61,26.07,26.41,1587464
15/11/2023,26.86,26.9,26.24,26.41,2108975
16/11/2023,26.36,26.45,25.99,26.45,956173
17/11/2023,26.82,26.82,25.74,26.03,2105786
20/11/2023,25.46,26.2,25.37,26.12,1055078
21/11/2023,26.32,26.65,26.03,26.45,1277952
22/11/2023,26.41,26.86,26.32,26.69,1495196
23/11/2023,26.86,27.07,25.87,25.87,1823787
24/11/2023,25.99,25.99,24.96,25.95,1446301
27/11/2023,25.99,26.32,25.54,25.87,673941
28/11/2023,25.79,25.91,25.08,25.87,1110656
29/11/2023,25.91,26.07,25.7,26.07,748618
30/11/2023,26.12,26.16,25.79,25.79,1870164
01/12/2023,26.28,26.28,25.74,26.07,795310
04/12/2023,26.28,27.19,26.24,26.94,4228448
05/12/2023,27.07,27.07,26.45,26.53,1911971
06/12/2023,26.74,26.74,26.36,26.49,3063649
07/12/2023,26.69,26.69,25.79,26.2,2029323
08/12/2023,26.2,26.32,26.03,26.24,1000777
11/12/2023,26.24,26.28,25.74,25.95,767657
12/12/2023,25.99,26.03,25.74,25.95,1279578
13/12/2023,25.99,26.07,25.74,25.79,1713648
14/12/2023,25.87,25.91,24.84,25.33,1547906
15/12/2023,25.21,25.33,24.88,25.08,1320920
18/12/2023,25.08,25.08,24.55,25.04,1631957
19/12/2023,24.96,25,24.63,24.88,1617670
20/12/2023,24.88,24.92,24.63,24.63,979140
21/12/2023,24.63,24.88,24.34,24.84,1699545
22/12/2023,24.84,24.96,24.71,24.84,947924
25/12/2023,24.84,25.17,24.84,25.04,883540
26/12/2023,25.17,25.37,24.88,25.37,2068571
27/12/2023,25.33,25.41,25.21,25.33,1367208
28/12/2023,25.33,25.62,25.29,25.33,1151453
29/12/2023,25.37,25.95,25.33,25.95,1678199
02/01/2024,25.95,25.99,25.29,25.5,1249563
03/01/2024,25.5,25.5,25.25,25.46,1182104
04/01/2024,25.46,25.7,25.41,25.58,1816591
05/01/2024,25.58,25.83,25.54,25.62,1672427
08/01/2024,25.91,25.99,25.7,25.79,2178949
09/01/2024,25.87,26.03,25.41,25.41,2769983
10/01/2024,25.46,25.46,24.79,24.84,2134479
11/01/2024,24.88,25.04,24.84,25,1527139
12/01/2024,24.88,24.88,24.59,24.71,2860379
15/01/2024,24.84,24.88,24.67,24.67,717881
16/01/2024,24.55,24.67,24.13,24.46,1951725
17/01/2024,24.55,25.04,24.46,24.92,1599236
18/01/2024,24.96,26.12,24.96,25.87,3499822
19/01/2024,25.91,26.12,25.91,25.95,2159584
22/01/2024,25.95,25.95,25.46,25.79,2108914
23/01/2024,25.79,25.83,25.54,25.66,1162775
24/01/2024,25.66,25.7,25.54,25.54,933136
25/01/2024,25.54,25.79,25.37,25.79,1483234
26/01/2024,25.91,25.91,25.66,25.74,1230472
29/01/2024,25.83,25.83,25.62,25.74,978250
30/01/2024,25.66,25.74,25.46,25.62,1066159
31/01/2024,25.7,25.79,25.46,25.54,1176924
01/02/2024,25.37,25.54,25.12,25.21,1777181
02/02/2024,25.21,25.99,25.21,25.21,2100285
05/02/2024,25.33,25.62,25.21,25.5,1037849
06/02/2024,25.5,25.79,25.46,25.7,919492
07/02/2024,25.87,25.87,25.62,25.79,1066075
15/02/2024,25.87,26.07,25.79,25.99,1539586
16/02/2024,25.99,26.24,25.91,25.95,1201809
19/02/2024,25.95,26.03,25.58,25.87,1587496
20/02/2024,25.95,26.28,25.83,26.2,2357126
21/02/2024,26.28,27.69,26.2,27.11,6970782
22/02/2024,26.86,27.11,26.78,26.78,1660163
23/02/2024,26.94,26.94,26.16,26.24,3855068
26/02/2024,26.24,26.36,25.91,26.24,2269304
27/02/2024,26.41,27.11,26.2,26.94,3757804
28/02/2024,27.15,27.15,26.61,26.78,1789878
29/02/2024,26.9,28.64,26.74,28.64,13933477
01/03/2024,28.84,29.09,28.51,28.88,4665119
04/03/2024,29.09,30.33,29.01,29.71,8782309
05/03/2024,29.71,29.96,29.42,29.75,4623533
06/03/2024,29.71,29.96,29.09,29.71,4640156
07/03/2024,29.67,30.37,29.5,30.17,4750022
08/03/2024,30.17,30.25,29.5,30.12,5974765
11/03/2024,30.12,30.58,29.96,30.12,5156423
12/03/2024,30.08,30.58,30.04,30.25,3833407
13/03/2024,30.33,31.24,30.29,31.08,6840154
14/03/2024,31.08,31.36,30.83,30.99,4582502
15/03/2024,30.91,31.69,30.62,30.74,4147295
18/03/2024,30.83,31.36,28.6,30.74,9115126
19/03/2024,30.95,30.99,30.12,30.25,2640909
20/03/2024,30.17,30.5,29.92,30.21,3464232
21/03/2024,30.41,30.91,30.21,30.74,4355768
22/03/2024,30.99,31.08,30.46,30.66,3415326
25/03/2024,30.66,31.49,30.33,30.5,3513976
26/03/2024,30.5,32.19,30.17,31.9,5456240
27/03/2024,31.9,32.03,31.45,31.74,2236645
28/03/2024,31.78,31.9,31.32,31.32,2094446
29/03/2024,31.32,31.53,30.99,31.24,2927191
01/04/2024,31.24,31.57,31.03,31.41,4735050
02/04/2024,31.32,31.45,30.91,31.45,4228873
03/04/2024,31.45,31.98,31.16,31.2,6063099
04/04/2024,30.79,31.32,30.62,30.87,3138196
05/04/2024,30.58,30.91,30.12,30.17,4086284
08/04/2024,30.08,30.17,29.42,29.63,3133402
09/04/2024,29.63,29.84,29.22,29.75,3431849
10/04/2024,29.88,30.41,29.75,29.75,3063376
11/04/2024,29.26,30.17,29.26,29.96,2746777
12/04/2024,30.04,30.21,29.88,30.12,2248318
15/04/2024,30,30.25,28.02,28.02,4064065
16/04/2024,28.02,28.35,27.27,28.31,4883974
17/04/2024,28.43,28.43,28.1,28.1,1880528
19/04/2024,28.02,28.02,26.45,27.27,4255069
22/04/2024,27.6,27.65,26.86,27.65,3409053
23/04/2024,27.69,27.85,27.27,27.65,2792516
24/04/2024,27.93,28.84,27.81,28.55,3041546
25/04/2024,28.35,28.6,27.89,28.6,2053089
26/04/2024,28.1,29.3,28.06,28.93,3718333
02/05/2024,28.93,28.93,28.1,28.93,1506739
03/05/2024,29.26,29.67,28.64,29.67,3635099
06/05/2024,29.67,29.75,29.34,29.5,2486953
07/05/2024,29.63,29.92,29.46,29.84,2991079
08/05/2024,29.46,29.79,29.22,29.75,2292977
09/05/2024,29.75,30.04,29.38,29.75,3070664
10/05/2024,29.71,29.88,29.34,29.75,2145900
13/05/2024,29.88,30.37,29.84,30,4320617
14/05/2024,30.08,30.08,29.63,29.67,970532
15/05/2024,29.75,30.37,29.63,30.08,4473805
16/05/2024,30.33,30.58,30.08,30.41,3641849
17/05/2024,30.41,30.5,30.21,30.5,3146903
20/05/2024,30.74,30.79,30.29,30.5,3007236
21/05/2024,30.33,30.46,29.96,30.17,2996718
22/05/2024,30.21,30.66,30.08,30.25,4343372
23/05/2024,30.17,30.54,30.04,30.54,2720136
24/05/2024,30.41,30.66,28.93,29.42,6016711
27/05/2024,29.55,29.59,28.93,29.59,2315454
28/05/2024,29.71,29.96,29.5,29.96,2763973
29/05/2024,29.88,29.92,29.5,29.5,3037855
30/05/2024,29.26,29.79,28.97,29.79,3371060
31/05/2024,29.75,29.92,29.55,29.92,2718552
03/06/2024,30.04,31.82,29.96,31.41,8210059
04/06/2024,31.36,31.36,30.95,30.99,2697127
05/06/2024,31.28,31.28,30.62,30.62,4623982
06/06/2024,30.83,30.83,30.04,30.17,4548876
07/06/2024,30.33,30.99,30.12,30.83,3087828
10/06/2024,30.87,31.24,30.58,30.83,2515050
11/06/2024,30.83,30.91,30.29,30.74,2551632
12/06/2024,30.74,31.53,30.66,31.36,4627671
13/06/2024,31.49,32.52,31.41,31.9,7231379
14/06/2024,31.98,32.07,30.99,30.99,3970077
17/06/2024,30.79,31.2,30.74,31.03,3114262
18/06/2024,31.2,31.69,30.83,31.24,1581888
19/06/2024,31.32,31.32,30.7,31.16,2073800
20/06/2024,30.95,31.12,30.58,31.03,2148040
21/06/2024,31.12,31.16,30.5,30.99,2478974
24/06/2024,30.99,30.99,29.34,30.29,3284880
25/06/2024,30.17,30.66,29.92,30.66,1843905
26/06/2024,30.54,30.58,29.92,30.58,1983753
27/06/2024,30.46,30.99,30,30.99,2278126
28/06/2024,30.7,30.74,30.12,30.5,2297306
01/07/2024,30.5,30.58,30.17,30.58,1237793
02/07/2024,30.58,31.36,30.41,31.32,3263912
03/07/2024,31.36,31.41,31.03,31.28,1512312
04/07/2024,31.28,31.36,31.03,31.36,1556441
05/07/2024,31.41,31.94,31.16,31.65,4022299
08/07/2024,31.65,31.86,30.7,30.74,5109162
09/07/2024,30.66,30.99,30.5,30.99,2656962
10/07/2024,31.08,31.36,30.79,31.32,3539370
11/07/2024,31.49,33.06,31.45,31.86,13619895
12/07/2024,31.86,32.23,31.24,31.41,2717218
15/07/2024,31.41,31.61,30.83,31.24,3553037
16/07/2024,31.24,31.36,30.83,31.24,2896283
17/07/2024,31.41,31.41,29.34,30.5,6617896
18/07/2024,30.5,30.5,29.59,30.41,3139068
19/07/2024,30.33,30.5,29.79,30.25,2079329
22/07/2024,29.92,30.17,29.34,29.84,2275734
23/07/2024,29.79,29.92,29.17,29.34,2080591
24/07/2024,29.09,29.92,28.84,29.75,2238739
25/07/2024,29.59,29.75,29.26,29.75,995389
26/07/2024,29.67,29.84,29.63,29.75,1009830
29/07/2024,30,30,29.67,29.92,1032926
30/07/2024,29.92,30.04,29.63,29.75,1167903
31/07/2024,29.79,30.12,29.75,29.96,1431360
01/08/2024,29.96,29.96,28.6,28.76,2274658
02/08/2024,28.27,28.93,28.1,28.93,2252706
05/08/2024,28.18,28.68,27.69,28.51,2318425
06/08/2024,28.84,29.17,28.27,29.17,1405346
07/08/2024,29.13,29.5,29.01,29.5,1162167
08/08/2024,29.38,29.38,29.05,29.13,1319791
09/08/2024,29.34,29.55,29.05,29.46,1059596
12/08/2024,29.34,29.55,29.22,29.5,688030
13/08/2024,29.46,29.67,29.26,29.59,894062
14/08/2024,29.59,29.63,29.17,29.5,877526
15/08/2024,29.34,29.5,28.93,29.34,830822
16/08/2024,29.34,30.99,29.26,30.7,6302216
19/08/2024,30.83,30.87,30.54,30.66,1975000
20/08/2024,30.62,31.45,30.54,31.2,4064785
21/08/2024,31.03,31.28,30.66,31.16,1792136
22/08/2024,31.16,31.16,30.74,31.08,1614075
23/08/2024,31.03,31.03,30.62,30.91,2207273
26/08/2024,31.12,31.28,30.74,31.16,1884701
27/08/2024,30.99,32.03,30.99,30.99,3745211
28/08/2024,30.99,31.08,30.37,30.95,1944363
29/08/2024,30.95,31.32,30.74,31.16,1776641
30/08/2024,31.24,31.24,30.83,31.16,1282801
04/09/2024,30.91,31.74,30.87,31.41,3806640
05/09/2024,31.41,31.57,30.95,31.36,2600693
06/09/2024,31.08,31.24,30.87,31.24,1752358
09/09/2024,31.24,31.53,30.99,31.08,3178586
10/09/2024,31.16,31.2,30.58,30.83,3656113
11/09/2024,30.83,30.95,30.25,30.83,1844915
12/09/2024,30.91,30.91,30.62,30.7,1133247
13/09/2024,30.58,30.91,30.58,30.79,1461535
16/09/2024,30.74,31.36,30.74,31.12,2263951
17/09/2024,31.36,31.82,31.08,31.65,5794951
18/09/2024,31.69,31.69,31.32,31.41,5044619
19/09/2024,31.49,31.57,31.2,31.41,4044260
20/09/2024,31.61,31.61,31.24,31.28,7832741
23/09/2024,31.28,31.65,31.12,31.32,2250389
24/09/2024,31.41,31.82,31.32,31.82,3758967
25/09/2024,31.94,32.81,31.9,32.4,5417025
26/09/2024,32.65,32.65,32.07,32.52,3582170
27/09/2024,32.65,32.65,32.07,32.19,2703189
30/09/2024,31.94,32.23,31.9,32.15,2997621
01/10/2024,32.23,32.98,32.11,32.48,5014438
02/10/2024,32.19,32.44,31.9,31.9,3127235
03/10/2024,31.9,31.94,30.7,30.91,6725735
04/10/2024,30.91,31.16,30.79,30.95,1867098
07/10/2024,30.95,31.2,30.74,31.2,2098296
08/10/2024,30.91,31.28,30.74,30.99,1814155
09/10/2024,31.24,31.24,30.99,31.16,1162464
10/10/2024,31.2,31.28,30.99,30.99,1405518
11/10/2024,30.99,31.36,30.91,30.99,1596739
14/10/2024,30.99,31.24,30.66,30.87,2580183
15/10/2024,30.91,30.91,30.33,30.46,4006002
16/10/2024,30.41,30.46,29.84,30.08,2360597
17/10/2024,30.41,30.73,29.59,30.32,4806949
18/10/2024,30.32,30.36,29.82,29.82,1827205
21/10/2024,29.82,29.86,29.45,29.55,3087418
22/10/2024,29.59,30.32,29.32,29.73,4395555
23/10/2024,30.09,30.64,29.95,30.27,3612987
24/10/2024,30.5,31,30.23,30.59,3211231
25/10/2024,30.59,30.68,30.14,30.14,2213089
28/10/2024,30.09,30.5,30.09,30.45,1522996
29/10/2024,30.64,30.68,30.14,30.45,2236900
30/10/2024,30.45,30.45,30.23,30.45,1563679
31/10/2024,30.45,30.59,30.27,30.45,3205318
01/11/2024,30.27,30.55,30.14,30.14,2006091
04/11/2024,30.27,30.27,29.59,30,2604862
05/11/2024,30,30.05,29.68,29.95,1452602
06/11/2024,30.18,30.36,29.82,30.36,1659556
07/11/2024,30.5,30.95,30.36,30.55,2149532
08/11/2024,30.64,30.64,30.23,30.5,1276790
11/11/2024,30.5,30.5,30.09,30.45,1149780
12/11/2024,30.32,30.45,30,30.41,1649312
13/11/2024,30.05,30.55,30.05,30.45,1749602
14/11/2024,30.36,30.55,30,30.32,1610830
15/11/2024,29.86,29.95,29,29.68,3478167
18/11/2024,29.68,29.68,28.95,29.64,1418158
19/11/2024,29.45,29.64,28.77,29.09,2427948
20/11/2024,28.82,30,28.64,29.59,2184748
21/11/2024,29.45,29.86,29.41,29.82,1645500
22/11/2024,29.64,29.68,29.18,29.64,2004857
25/11/2024,29.64,29.82,29.55,29.82,1657002
26/11/2024,29.82,30.27,29.64,30.18,2270200
27/11/2024,30.18,30.18,29.91,30.14,1510375
28/11/2024,30.14,30.18,29.91,30.05,1643119
29/11/2024,30,30.14,29.73,30.14,1425660
02/12/2024,30.14,30.14,29.5,29.86,2673300
03/12/2024,29.64,29.91,29.64,29.91,1384524
04/12/2024,29.91,29.95,29.68,29.86,1505706
05/12/2024,29.86,30.77,29.77,30.27,3815503
06/12/2024,30.41,30.73,30.36,30.73,2271855
09/12/2024,30.64,31.45,30.64,31.27,4058018
10/12/2024,31.27,31.36,31.14,31.36,2358226
11/12/2024,31.64,31.64,31.14,31.36,2366160
12/12/2024,31.36,31.41,31.14,31.41,1836960
13/12/2024,31.18,31.32,31,31.32,1409666
16/12/2024,31.32,31.64,31.23,31.45,2003202
17/12/2024,31.45,32.09,31.45,31.82,4373546
18/12/2024,32.05,32.05,31.59,31.82,1959860
19/12/2024,31.45,32.36,31.36,32.36,4803130
20/12/2024,32.32,32.68,32.23,32.59,5116280
23/12/2024,32.64,32.68,32.32,32.64,1913244
24/12/2024,32.59,32.68,31.95,32.68,2560997
25/12/2024,32.68,32.68,32.14,32.64,2260796
26/12/2024,32.41,32.64,32.27,32.59,2450863
27/12/2024,32.64,32.64,32.32,32.55,2506798
30/12/2024,32.36,32.86,32.27,32.86,2777892
31/12/2024,32.91,32.91,32.14,32.82,2589914
02/01/2025,32.36,32.55,31.59,31.95,2537281
03/01/2025,31.77,31.91,31.55,31.64,1608301
06/01/2025,31.5,32,31.5,31.64,1640037
07/01/2025,31.45,31.73,30.77,30.77,2149147
08/01/2025,30.91,30.91,30.45,30.73,1753692
09/01/2025,30.86,31.14,30.77,30.86,723122
10/01/2025,30.77,31.14,30.77,30.91,918961
13/01/2025,30.86,31.45,30.5,31.32,1273420
14/01/2025,31.18,31.36,30.91,31.05,832078
15/01/2025,31.23,31.41,31.05,31.09,1117181
16/01/2025,30.95,31.32,30.68,31.23,1847518
17/01/2025,31,31.32,30.91,31.27,1152956
20/01/2025,31.27,31.41,31.18,31.41,963692
21/01/2025,31.41,31.41,31.09,31.27,619781
22/01/2025,31.27,31.27,30.95,31.18,911835
23/01/2025,31.32,31.41,31.05,31.41,1473611
24/01/2025,31.55,31.59,31.32,31.59,1954992
03/02/2025,31.36,31.41,31.14,31.41,1247840
04/02/2025,31.41,31.59,31.23,31.59,1986620
05/02/2025,31.64,32.05,31.64,31.68,2721929
06/02/2025,31.68,31.73,31.09,31.45,2191572
07/02/2025,31.45,31.45,31.05,31.41,1670011
10/02/2025,31.18,31.41,30.91,30.91,1731289
11/02/2025,30.91,31.05,30.68,31.05,1802685
12/02/2025,31.18,31.18,30.68,30.91,1506848
13/02/2025,30.91,30.91,30.27,30.73,2487286
14/02/2025,30.73,30.91,30.59,30.77,1068262
17/02/2025,30.77,30.91,30.59,30.77,1003165
18/02/2025,30.77,31,30.68,30.77,845525
19/02/2025,30.82,31.09,30.64,31.09,1992147
20/02/2025,31.18,31.32,30.91,31.09,2725062
21/02/2025,31.09,31.09,30.55,30.59,3109553
24/02/2025,30.59,30.64,30.36,30.59,1299110
25/02/2025,30.73,30.82,30.32,30.32,2463433
26/02/2025,30.32,30.45,30,30.18,2662804
27/02/2025,30.23,30.45,30.09,30.45,1788025
28/02/2025,30.55,30.77,30.36,30.45,1943841
03/03/2025,30.5,30.77,30.45,30.55,1578142
04/03/2025,30.55,30.91,30.45,30.68,2162079
05/03/2025,30.73,30.91,30.45,30.45,2223177
06/03/2025,30.55,30.59,30.23,30.5,1648457
07/03/2025,30.55,31.09,30.5,30.5,3905513
10/03/2025,30.77,30.77,30.09,30.14,3243406
11/03/2025,30.05,30.23,29.45,29.86,4330508
12/03/2025,30,30,28.95,29.45,5393540
13/03/2025,29.09,29.41,29.09,29.41,2274252
14/03/2025,29.18,29.73,29.05,29.23,3043010
17/03/2025,29.45,30.18,29.09,30.18,4359127
18/03/2025,30.32,30.32,29.64,29.64,3020187
19/03/2025,29.59,29.64,29.09,29.64,3088988
20/03/2025,29.77,29.77,29,29.45,3147199
21/03/2025,29.18,29.5,29.18,29.45,2157506
24/03/2025,29.36,29.64,29.05,29.64,1756483
25/03/2025,29.73,29.82,29.36,29.77,2969097
26/03/2025,29.77,29.82,29.09,29.09,3545088
27/03/2025,29.27,29.64,29.27,29.5,1818865
28/03/2025,29.59,29.59,29.36,29.59,2143464
31/03/2025,29.55,30,29.36,29.64,4337044
01/04/2025,29.73,29.77,28.95,29.64,4843735
02/04/2025,29.59,29.59,29.05,29.05,3627291
03/04/2025,27.36,28.27,27.05,27.05,3717049
04/04/2025,25.18,25.91,25.18,25.45,9816280
08/04/2025,23.73,23.91,23.68,23.68,1712113
09/04/2025,22.05,22.05,22.05,22.05,1114291
10/04/2025,23.55,23.55,23.55,23.55,4335110
11/04/2025,23.5,25.18,22.09,25,8117186
14/04/2025,25,25.5,24,25.27,5243040
15/04/2025,24.73,24.95,24.14,24.59,3749388
16/04/2025,24.55,24.55,23.82,24.36,3385558
17/04/2025,23.77,24.45,23.64,24.45,2862893
18/04/2025,24.55,24.86,24.32,24.41,2417747
21/04/2025,24.36,24.59,24.05,24.55,1980627
22/04/2025,24.36,24.55,22.86,23.82,5092225
23/04/2025,24.18,24.64,23.73,24.41,3138342
24/04/2025,24.59,24.95,24.41,24.64,2754849
25/04/2025,24.45,24.73,24.09,24.73,3620404
28/04/2025,24.73,24.73,24.14,24.27,1396268
29/04/2025,24.27,24.41,23.95,23.95,2320530
05/05/2025,24.23,24.91,23.95,24.68,2152419
06/05/2025,24.68,25,24.64,24.64,2261673
07/05/2025,24.64,26.27,24.64,26,5399213
08/05/2025,26.18,26.18,25.55,26.18,3569652
09/05/2025,26.09,26.18,25.82,25.86,1861346
12/05/2025,25.86,26,25.5,25.73,1553192
13/05/2025,26,26.55,25.73,26.55,3632296
14/05/2025,26.55,26.64,26.27,26.64,2239973
15/05/2025,26.73,26.73,26.36,26.68,1857836
16/05/2025,26.68,26.73,26.09,26.09,1563368
19/05/2025,25.91,26.64,25.73,26.32,2066045
20/05/2025,26.18,26.45,26.18,26.45,1522971
21/05/2025,26.45,26.55,25.95,26.27,2008636
22/05/2025,26.27,26.27,25.59,25.68,1939220
23/05/2025,25.68,25.82,25.32,25.59,2150711
26/05/2025,25.68,26.41,24.95,26.41,2863186
27/05/2025,26.64,27.41,26.41,27.27,4109132
28/05/2025,27.27,27.27,26.77,26.77,1947137
29/05/2025,27.64,27.64,26.73,27,4527719
30/05/2025,27.09,27.09,26.41,26.73,2243164
02/06/2025,26.73,28.55,26.73,27.82,7200646
03/06/2025,28.09,28.14,27.64,27.73,3351978
04/06/2025,27.82,28.05,27.59,27.73,3117397
05/06/2025,28,28,27.27,27.5,2577278
06/06/2025,27.5,27.64,26.73,26.91,3520780
09/06/2025,26.91,27.45,26.91,27.14,2754800
10/06/2025,27.23,27.23,26.82,27,2076858
11/06/2025,27.09,27.09,26.41,26.64,1903874
12/06/2025,26.64,27.18,26.64,27,1775988
13/06/2025,26.64,26.95,26.18,26.59,3320641
16/06/2025,26.59,26.77,26.32,26.73,1343476
17/06/2025,26.77,27.14,26.73,27,2510441
18/06/2025,27.05,27.45,27.05,27.27,3162706
19/06/2025,27.27,27.27,27,27.27,1925723
20/06/2025,27.27,27.45,27.09,27.45,2005408
23/06/2025,27.14,27.18,26.73,26.82,1949145
24/06/2025,27.09,27.14,26.86,26.86,2798160
25/06/2025,26.91,27.14,26.68,26.86,2257173
26/06/2025,26.91,26.91,26.09,26.18,3829298
27/06/2025,26.41,26.64,26.23,26.36,1832489
30/06/2025,26.41,26.73,26.23,26.73,4052277
01/07/2025,26.73,26.95,26.36,26.77,1647530
02/07/2025,26.77,26.77,26.5,26.55,1686686
03/07/2025,26.55,27,26.55,26.68,2215125
04/07/2025,26.73,27.36,26.73,27,3705117
07/07/2025,27.23,27.32,27,27.27,2848413
08/07/2025,27.36,27.55,26.82,27.55,5170774
09/07/2025,27.82,28.18,27.59,28.18,6334317
10/07/2025,28.27,28.82,28,28.05,4178161
11/07/2025,28.14,28.14,27.55,27.55,5628834
14/07/2025,27.73,28.55,27.09,28.41,8516860
15/07/2025,28.5,28.86,28.23,28.36,6390538
16/07/2025,28.27,28.64,28.18,28.27,5524304
17/07/2025,29,29.45,28.5,28.95,6712054
18/07/2025,29.15,29.7,28.95,29,5416304
21/07/2025,29.1,29.2,28.1,28.25,5552168
22/07/2025,28.25,28.45,28.05,28.4,3807030
23/07/2025,28.7,28.7,28.3,28.5,3064359
24/07/2025,28.6,28.9,28.4,28.8,6157381
25/07/2025,29,29,28.6,28.7,3689643
28/07/2025,29,29.8,28.95,29.3,7443470
29/07/2025,29.5,29.55,27.5,27.5,8230173
30/07/2025,27.8,28.05,27.1,27.6,3836400
31/07/2025,27.75,27.75,26.8,27.4,5593000
01/08/2025,27.5,28.15,27.15,27.7,3291700
04/08/2025,27.7,28.35,27.65,27.9,2841800
05/08/2025,28.1,28.5,27.5,27.9,8495800
06/08/2025,27.95,28.35,27.95,28.1,7131500
07/08/2025,28.6,29.9,28.5,29.9,10535300
08/08/2025,30.8,31.9,30.35,31.7,10765600
11/08/2025,32.5,33,32,32,8499300
12/08/2025,32.2,34.2,31.85,34.2,10570600
13/08/2025,35.05,36.55,35,36.2,12039400
14/08/2025,36.35,36.6,35.45,36.1,7428400
15/08/2025,36.15,36.2,34.75,35.5,10968200
18/08/2025,35.4,37.4,35.05,37,9990700
19/08/2025,37,37.3,36.35,36.8,9366600
20/08/2025,36.8,36.8,34.3,36.5,9419400
21/08/2025,36.2,36.4,35,35.9,12621400
22/08/2025,35.25,35.8,33.6,34,8559400
25/08/2025,34.45,34.5,32.9,33.65,6227800
26/08/2025,33.6,35.5,33.45,35.5,4910200
27/08/2025,35.5,37.6,35.15,36,10329500
28/08/2025,36.1,36.15,35.1,35.9,4963000
29/08/2025,36,37.25,35.6,36.5,9336700
03/09/2025,36.6,38.1,36.55,37,7773600
04/09/2025,37.1,37.6,36.55,36.75,5226700
05/09/2025,36.95,37.5,35.45,35.45,12748300
08/09/2025,35.15,36.1,34.3,34.8,7426000
09/09/2025,35,35.15,34.6,34.8,4220800
10/09/2025,34.9,35.05,34.5,34.7,3199300
11/09/2025,34.4,35,33.3,35,6149900
12/09/2025,35,35.5,34.7,34.8,3361100
15/09/2025,34.6,35.1,34.6,34.85,3294200
16/09/2025,35.1,35.1,34.2,34.3,4366500
17/09/2025,34.35,34.4,33.5,33.5,3920100
18/09/2025,33.7,33.75,33.05,33.4,3318900
19/09/2025,33.6,34.3,33.3,34.3,3270600
22/09/2025,34.1,34.65,33.1,34,5622300
23/09/2025,34.3,34.3,33.4,33.4,2941200
24/09/2025,33.55,34.15,33.35,33.95,4292500
25/09/2025,34.05,34.35,33.55,33.7,6273200
26/09/2025,33.65,35,33.65,34.5,10125300
29/09/2025,34.65,34.95,34,34.25,2799400
30/09/2025,34.3,34.9,33.55,33.8,8398800
01/10/2025,34,34,33.35,33.7,3011300
02/10/2025,33.7,33.9,32.95,33,4391000
03/10/2025,33,33,31.45,31.75,6795900
06/10/2025,31.9,33,31.7,33,3922700
07/10/2025,33.3,33.3,32.25,32.25,3144100
08/10/2025,32.9,32.9,31.7,32.4,5045000
09/10/2025,32.6,33.05,32,32.45,4571600
10/10/2025,32.75,33,32.25,32.45,5841600
13/10/2025,32.05,33,31.95,32.55,8191200
14/10/2025,33,33.05,31.8,31.9,10322700
15/10/2025,31.9,34.1,31.2,34.1,21160400
16/10/2025,34.95,35,34,34.2,10297400
17/10/2025,34.4,35.2,33.85,33.9,12420700
20/10/2025,33.85,34.15,31.55,31.55,13397700
21/10/2025,31,32.2,30,31.75,9776400
22/10/2025,31.9,32.3,31.05,32.2,6630800
23/10/2025,32.2,34.1,32.2,33.55,13833800
24/10/2025,33.25,34,32.65,33.8,5128500
27/10/2025,33.75,33.9,32.5,32.5,3937800
28/10/2025,32.2,33.5,31.4,33.5,6038100
29/10/2025,33.65,35.3,33.6,34.4,16159700
30/10/2025,34.6,36.45,34.5,35.85,11419700
31/10/2025,35.5,36.3,34.9,35.85,11395100
03/11/2025,35.3,35.45,34,34,9662000
04/11/2025,33.95,35.95,32.25,35.6,12204600
05/11/2025,35.35,35.35,34.25,34.95,6401200
06/11/2025,34.95,34.95,34,34.1,4490600
07/11/2025,34,34,32.5,32.5,6728100
10/11/2025,32.1,32.45,31.6,32,6613000
11/11/2025,32.1,33.05,32.1,33,2965900
12/11/2025,33.3,34.45,33,34.1,5154100
13/11/2025,34.2,35.2,33.85,34.45,6884900
14/11/2025,34.3,34.95,34.15,34.65,3625700
17/11/2025,34.75,35.35,34.65,35.1,7830000
18/11/2025,35,35.45,34.4,35.4,6433600
19/11/2025,35.4,35.45,34.3,34.6,4310900
20/11/2025,34.6,34.8,34.3,34.65,3319400
21/11/2025,34.4,35.3,34.1,34.85,7257300
24/11/2025,35,35.15,34.85,34.85,3086900
25/11/2025,34.9,35.75,34.15,34.5,7825000
26/11/2025,34.55,35.4,34.35,35.4,5847000
27/11/2025,35.4,36.2,34.8,35.4,8524700
28/11/2025,35.15,35.35,34.5,35,4441800
01/12/2025,35,35,34.15,34.15,4153100
02/12/2025,34.25,34.25,33.05,33.55,7782800
03/12/2025,33.75,34.2,33.6,34.2,3391900
04/12/2025,34.45,35,34.2,34.45,3714000
05/12/2025,34.6,34.6,33.95,33.95,2633000
08/12/2025,34,34,33.2,33.4,2829300
09/12/2025,33.4,33.6,32.3,33.3,5026000
10/12/2025,33.3,33.6,32.5,32.5,2479500
11/12/2025,32.6,32.8,32.5,32.5,3661000
12/12/2025,32.3,32.5,30.5,30.5,6117000
15/12/2025,30.3,30.6,29.4,29.6,6034000
16/12/2025,29.65,31.65,29.45,31.6,7010500
17/12/2025,31.6,32.25,31.35,31.7,5315000
18/12/2025,31.7,32.25,31.5,32.1,3552200
19/12/2025,32.1,32.7,31.85,32.65,4196200
22/12/2025,32.55,33.15,32.55,33.15,3293800
23/12/2025,33.2,33.2,32.55,33,3199500
24/12/2025,32.8,33.05,32.6,32.95,1880500
25/12/2025,32.95,32.95,32.15,32.15,2877000
26/12/2025,31.7,32.05,30.65,32.05,4535100
29/12/2025,32,32.05,31.7,31.7,1693100
30/12/2025,31.8,31.85,31.2,31.5,2361200
31/12/2025,31.5,31.6,31.1,31.5,2300200
05/01/2026,31.5,32.5,30.85,31.9,6288800
06/01/2026,32.05,32.05,31.45,31.85,4376900
07/01/2026,31.85,31.85,31.05,31.35,5218500
08/01/2026,31.4,31.6,30.2,30.5,8390100
09/01/2026,30.5,30.6,28.5,28.6,14633500
